"REGI_CDE","REGI_NAM","PPNT_ID","PPNT_CDE","DRSO_ID","DRSO_SER_NBR","DRME_ID","DRME_OCR_UTC_DTE","DRME_DRU","DRME_TPU","DRME_DMTP_CDE","DRME_DMST_CDE"
"BAO","Baro's","14247","BAOL848X","1569","T5738","10808040","3/12/2018 12:00:00 +01:00","1012,525","13,567","LDME","ENT"
"BAO","Baro's","14247","BAOL848X","1569","T5738","10808183","4/12/2018 0:00:00 +01:00","1020,5","9,493","LDME","ENT"
"BAO","Baro's","14247","BAOL848X","1569","T5738","10807792","4/12/2018 12:00:00 +01:00","1034,2","5,203","LDME","ENT"
"BAO","Baro's","14247","BAOL848X","1569","T5738","10807867","5/12/2018 0:00:00 +01:00","1038,775","0,98","LDME","ENT"
"BAO","Baro's","14247","BAOL848X","1569","T5738","10807777","5/12/2018 12:00:00 +01:00","1034","7,843","LDME","ENT"
"BAO","Baro's","14247","BAOL848X","1569","T5738","10807637","6/12/2018 0:00:00 +01:00","1025,85","9,427","LDME","ENT"
"BAO","Baro's","14247","BAOL848X","1569","T5738","10807621","6/12/2018 12:00:00 +01:00","1030,25","12,127","LDME","ENT"
"BAO","Baro's","14247","BAOL848X","1569","T5738","10808163","7/12/2018 0:00:00 +01:00","1028,45","11,16","LDME","ENT"
"BAO","Baro's","14247","BAOL848X","1569","T5738","10807796","7/12/2018 12:00:00 +01:00","1017,875","11,193","LDME","ENT"
"BAO","Baro's","14247","BAOL848X","1569","T5738","10807618","8/12/2018 0:00:00 +01:00","1019,65","5,58","LDME","ENT"
"BAO","Baro's","14247","BAOL848X","1569","T5738","10807636","11/12/2018 0:00:00 +01:00","1038,875","1,49","LDME","ENT"
"BAO","Baro's","14247","BAOL848X","1569","T5738","10807732","9/12/2018 0:00:00 +01:00","1010,225","9,533","LDME","ENT"
"BAO","Baro's","14247","BAOL848X","1569","T5738","10807740","16/12/2018 12:00:00 +01:00","1024,2","3,153","LDME","ENT"
"BAO","Baro's","14247","BAOL848X","1569","T5738","10807742","14/12/2018 0:00:00 +01:00","1033,425","-3,61","LDME","ENT"
"BAO","Baro's","14247","BAOL848X","1569","T5738","10807756","12/12/2018 12:00:00 +01:00","1038,7","-0,213","LDME","ENT"
"BAO","Baro's","14247","BAOL848X","1569","T5738","10807826","14/12/2018 12:00:00 +01:00","1036,425","0,697","LDME","ENT"
"BAO","Baro's","14247","BAOL848X","1569","T5738","10807830","10/12/2018 12:00:00 +01:00","1037,05","6,17","LDME","ENT"
"BAO","Baro's","14247","BAOL848X","1569","T5738","10807865","13/12/2018 0:00:00 +01:00","1035,25","-1,713","LDME","ENT"
"BAO","Baro's","14247","BAOL848X","1569","T5738","10807887","15/12/2018 0:00:00 +01:00","1038,35","-0,207","LDME","ENT"
"BAO","Baro's","14247","BAOL848X","1569","T5738","10807892","17/12/2018 0:00:00 +01:00","1026","2,483","LDME","ENT"
"BAO","Baro's","14247","BAOL848X","1569","T5738","10807903","12/12/2018 0:00:00 +01:00","1038,125","0,28","LDME","ENT"
"BAO","Baro's","14247","BAOL848X","1569","T5738","10807908","18/12/2018 0:00:00 +01:00","1038,225","5,467","LDME","ENT"
"BAO","Baro's","14247","BAOL848X","1569","T5738","10807921","13/12/2018 12:00:00 +01:00","1032,825","0,16","LDME","ENT"
"BAO","Baro's","14247","BAOL848X","1569","T5738","10807983","16/12/2018 0:00:00 +01:00","1024,2","0,623","LDME","ENT"
"BAO","Baro's","14247","BAOL848X","1569","T5738","10808029","10/12/2018 0:00:00 +01:00","1030,875","4,51","LDME","ENT"
"BAO","Baro's","14247","BAOL848X","1569","T5738","10808090","17/12/2018 12:00:00 +01:00","1032,85","6,23","LDME","ENT"
"BAO","Baro's","14247","BAOL848X","1569","T5738","10808171","8/12/2018 12:00:00 +01:00","1018,4","9,683","LDME","ENT"
"BAO","Baro's","14247","BAOL848X","1569","T5738","10808182","9/12/2018 12:00:00 +01:00","1015,1","8,5","LDME","ENT"
"BAO","Baro's","14247","BAOL848X","1569","T5738","10808194","15/12/2018 12:00:00 +01:00","1036,6","1,213","LDME","ENT"
"BAO","Baro's","14247","BAOL848X","1569","T5738","10808215","11/12/2018 12:00:00 +01:00","1038,875","4,847","LDME","ENT"
"BAO","Baro's","14247","BAOL848X","1569","T5738","10807628","20/12/2018 12:00:00 +01:00","1024,725","7,763","LDME","ENT"
"BAO","Baro's","14247","BAOL848X","1569","T5738","10807640","4/01/2019 0:00:00 +01:00","1053,775","0,877","LDME","ENT"
"BAO","Baro's","14247","BAOL848X","1569","T5738","10807641","28/12/2018 12:00:00 +01:00","1044,2","1,207","LDME","ENT"
"BAO","Baro's","14247","BAOL848X","1569","T5738","10807657","30/12/2018 0:00:00 +01:00","1045,7","6,673","LDME","ENT"
"BAO","Baro's","14247","BAOL848X","1569","T5738","10807673","7/01/2019 0:00:00 +01:00","1049,075","4,177","LDME","ENT"
"BAO","Baro's","14247","BAOL848X","1569","T5738","10807710","23/12/2018 12:00:00 +01:00","1031,7","8,56","LDME","ENT"
"BAO","Baro's","14247","BAOL848X","1569","T5738","10807714","6/01/2019 12:00:00 +01:00","1048,9","5,097","LDME","ENT"
"BAO","Baro's","14247","BAOL848X","1569","T5738","10807722","31/12/2018 12:00:00 +01:00","1049,275","10,09","LDME","ENT"
"BAO","Baro's","14247","BAOL848X","1569","T5738","10807727","27/12/2018 12:00:00 +01:00","1040,325","0,407","LDME","ENT"
"BAO","Baro's","14247","BAOL848X","1569","T5738","10807733","24/12/2018 12:00:00 +01:00","1045,05","7,707","LDME","ENT"
"BAO","Baro's","14247","BAOL848X","1569","T5738","10807743","18/12/2018 12:00:00 +01:00","1033,15","7,407","LDME","ENT"
"BAO","Baro's","14247","BAOL848X","1569","T5738","10807773","23/12/2018 0:00:00 +01:00","1035,575","6,513","LDME","ENT"
"BAO","Baro's","14247","BAOL848X","1569","T5738","10807782","1/01/2019 12:00:00 +01:00","1044,675","7,373","LDME","ENT"
"BAO","Baro's","14247","BAOL848X","1569","T5738","10807788","19/12/2018 0:00:00 +01:00","1023,1","6,143","LDME","ENT"
"BAO","Baro's","14247","BAOL848X","1569","T5738","10807789","2/01/2019 12:00:00 +01:00","1052,7","5,86","LDME","ENT"
"BAO","Baro's","14247","BAOL848X","1569","T5738","10807808","4/01/2019 12:00:00 +01:00","1053,35","4,913","LDME","ENT"
"BAO","Baro's","14247","BAOL848X","1569","T5738","10807823","31/12/2018 0:00:00 +01:00","1047,65","8,48","LDME","ENT"
"BAO","Baro's","14247","BAOL848X","1569","T5738","10807838","19/12/2018 12:00:00 +01:00","1024,725","9,083","LDME","ENT"
"BAO","Baro's","14247","BAOL848X","1569","T5738","10807872","3/01/2019 0:00:00 +01:00","1053,125","3,907","LDME","ENT"
"BAO","Baro's","14247","BAOL848X","1569","T5738","10807877","5/01/2019 0:00:00 +01:00","1050,05","4,097","LDME","ENT"
"BAO","Baro's","14247","BAOL848X","1569","T5738","10807883","25/12/2018 0:00:00 +01:00","1049,825","-0,743","LDME","ENT"
"BAO","Baro's","14247","BAOL848X","1569","T5738","10807893","22/12/2018 12:00:00 +01:00","1028,775","10,337","LDME","ENT"
"BAO","Baro's","14247","BAOL848X","1569","T5738","10807920","30/12/2018 12:00:00 +01:00","1049,275","6,713","LDME","ENT"
"BAO","Baro's","14247","BAOL848X","1569","T5738","10807925","21/12/2018 0:00:00 +01:00","1024,875","6,607","LDME","ENT"
"BAO","Baro's","14247","BAOL848X","1569","T5738","10807970","1/01/2019 0:00:00 +01:00","1047,65","7,883","LDME","ENT"
"BAO","Baro's","14247","BAOL848X","1569","T5738","10807976","24/12/2018 0:00:00 +01:00","1032,375","8,157","LDME","ENT"
"BAO","Baro's","14247","BAOL848X","1569","T5738","10807991","22/12/2018 0:00:00 +01:00","1021,8","10,017","LDME","ENT"
"BAO","Baro's","14247","BAOL848X","1569","T5738","10808002","2/01/2019 0:00:00 +01:00","1048,15","5,05","LDME","ENT"
"BAO","Baro's","14247","BAOL848X","1569","T5738","10808007","29/12/2018 0:00:00 +01:00","1047,275","2,093","LDME","ENT"
"BAO","Baro's","14247","BAOL848X","1569","T5738","10808068","27/12/2018 0:00:00 +01:00","1042,675","-1,997","LDME","ENT"
"BAO","Baro's","14247","BAOL848X","1569","T5738","10808077","26/12/2018 0:00:00 +01:00","1047,925","-2,627","LDME","ENT"
"BAO","Baro's","14247","BAOL848X","1569","T5738","10808078","6/01/2019 0:00:00 +01:00","1048,425","4,553","LDME","ENT"
"BAO","Baro's","14247","BAOL848X","1569","T5738","10808085","29/12/2018 12:00:00 +01:00","1046,8","5,243","LDME","ENT"
"BAO","Baro's","14247","BAOL848X","1569","T5738","10808116","5/01/2019 12:00:00 +01:00","1048,425","6,317","LDME","ENT"
"BAO","Baro's","14247","BAOL848X","1569","T5738","10808123","21/12/2018 12:00:00 +01:00","1013,825","12,37","LDME","ENT"
"BAO","Baro's","14247","BAOL848X","1569","T5738","10808126","25/12/2018 12:00:00 +01:00","1050,1","-0,267","LDME","ENT"
"BAO","Baro's","14247","BAOL848X","1569","T5738","10808131","20/12/2018 0:00:00 +01:00","1023,25","4,62","LDME","ENT"
"BAO","Baro's","14247","BAOL848X","1569","T5738","10808132","3/01/2019 12:00:00 +01:00","1054,325","5,667","LDME","ENT"
"BAO","Baro's","14247","BAOL848X","1569","T5738","10808193","28/12/2018 0:00:00 +01:00","1039,975","-0,813","LDME","ENT"
"BAO","Baro's","14247","BAOL848X","1569","T5738","10808201","26/12/2018 12:00:00 +01:00","1046,8","-0,993","LDME","ENT"
"BAO","Baro's","14247","BAOL848X","1569","T5738","10807625","6/02/2019 12:00:00 +01:00","1037,25","6,607","LDME","ENT"
"BAO","Baro's","14247","BAOL848X","1569","T5738","10807631","8/02/2019 12:00:00 +01:00","1024,075","8,003","LDME","ENT"
"BAO","Baro's","14247","BAOL848X","1569","T5738","10807632","15/02/2019 0:00:00 +01:00","1046,425","-0,787","LDME","ENT"
"BAO","Baro's","14247","BAOL848X","1569","T5738","10807634","13/01/2019 0:00:00 +01:00","1029,575","7,427","LDME","ENT"
"BAO","Baro's","14247","BAOL848X","1569","T5738","10807661","26/01/2019 12:00:00 +01:00","1022,775","7,673","LDME","ENT"
"BAO","Baro's","14247","BAOL848X","1569","T5738","10807662","31/01/2019 12:00:00 +01:00","1010,4","0,033","LDME","ENT"
"BAO","Baro's","14247","BAOL848X","1569","T5738","10807682","11/01/2019 12:00:00 +01:00","1040,45","6,937","LDME","ENT"
"BAO","Baro's","14247","BAOL848X","1569","T5738","10807691","30/01/2019 0:00:00 +01:00","1006,8","-0,457","LDME","ENT"
"BAO","Baro's","14247","BAOL848X","1569","T5738","10807702","11/02/2019 0:00:00 +01:00","1020,925","4,84","LDME","ENT"
"BAO","Baro's","14247","BAOL848X","1569","T5738","10807705","17/01/2019 0:00:00 +01:00","1016,425","5,01","LDME","ENT"
"BAO","Baro's","14247","BAOL848X","1569","T5738","10807711","16/01/2019 12:00:00 +01:00","1024,225","6,083","LDME","ENT"
"BAO","Baro's","14247","BAOL848X","1569","T5738","10807721","12/01/2019 12:00:00 +01:00","1035,3","7,183","LDME","ENT"
"BAO","Baro's","14247","BAOL848X","1569","T5738","10807730","10/02/2019 0:00:00 +01:00","1019,325","7,19","LDME","ENT"
"BAO","Baro's","14247","BAOL848X","1569","T5738","10807746","4/02/2019 12:00:00 +01:00","1039,475","3,087","LDME","ENT"
"BAO","Baro's","14247","BAOL848X","1569","T5738","10807752","24/01/2019 12:00:00 +01:00","1026,125","1,45","LDME","ENT"
"BAO","Baro's","14247","BAOL848X","1569","T5738","10807759","6/02/2019 0:00:00 +01:00","1039,325","-0,39","LDME","ENT"
"BAO","Baro's","14247","BAOL848X","1569","T5738","10807776","18/01/2019 0:00:00 +01:00","1029,075","1,247","LDME","ENT"
"BAO","Baro's","14247","BAOL848X","1569","T5738","10807791","5/02/2019 0:00:00 +01:00","1038,825","1,907","LDME","ENT"
"BAO","Baro's","14247","BAOL848X","1569","T5738","10807800","25/01/2019 12:00:00 +01:00","1029,725","2,16","LDME","ENT"
"BAO","Baro's","14247","BAOL848X","1569","T5738","10807802","8/01/2019 0:00:00 +01:00","1036,925","8,42","LDME","ENT"
"BAO","Baro's","14247","BAOL848X","1569","T5738","10807809","20/01/2019 0:00:00 +01:00","1025,775","-4,263","LDME","ENT"
"BAO","Baro's","14247","BAOL848X","1569","T5738","10807815","18/01/2019 12:00:00 +01:00","1034,45","1,08","LDME","ENT"
"BAO","Baro's","14247","BAOL848X","1569","T5738","10807819","21/01/2019 12:00:00 +01:00","1037,8","-4,067","LDME","ENT"
"BAO","Baro's","14247","BAOL848X","1569","T5738","10807821","9/02/2019 12:00:00 +01:00","1020,175","8,143","LDME","ENT"
"BAO","Baro's","14247","BAOL848X","1569","T5738","10807831","22/01/2019 0:00:00 +01:00","1030,05","-5,693","LDME","ENT"
"BAO","Baro's","14247","BAOL848X","1569","T5738","10807847","20/01/2019 12:00:00 +01:00","1030,225","-3,537","LDME","ENT"
"BAO","Baro's","14247","BAOL848X","1569","T5738","10807848","14/02/2019 0:00:00 +01:00","1048,9","-0,717","LDME","ENT"
"BAO","Baro's","14247","BAOL848X","1569","T5738","10807850","12/02/2019 12:00:00 +01:00","1050,1","4,58","LDME","ENT"
"BAO","Baro's","14247","BAOL848X","1569","T5738","10807858","16/02/2019 0:00:00 +01:00","1040,3","0,823","LDME","ENT"
"BAO","Baro's","14247","BAOL848X","1569","T5738","10807873","5/02/2019 12:00:00 +01:00","1042,775","4,74","LDME","ENT"
"BAO","Baro's","14247","BAOL848X","1569","T5738","10807878","7/01/2019 12:00:00 +01:00","1047,325","6,693","LDME","ENT"
"BAO","Baro's","14247","BAOL848X","1569","T5738","10807891","12/02/2019 0:00:00 +01:00","1046,575","-0,57","LDME","ENT"
"BAO","Baro's","14247","BAOL848X","1569","T5738","10807898","27/01/2019 12:00:00 +01:00","998,85","6,003","LDME","ENT"
"BAO","Baro's","14247","BAOL848X","1569","T5738","10807899","1/02/2019 0:00:00 +01:00","1000,95","-0,623","LDME","ENT"
"BAO","Baro's","14247","BAOL848X","1569","T5738","10807902","3/02/2019 0:00:00 +01:00","1025,15","1,53","LDME","ENT"
"BAO","Baro's","14247","BAOL848X","1569","T5738","10807922","1/02/2019 12:00:00 +01:00","1002,275","3,067","LDME","ENT"
"BAO","Baro's","14247","BAOL848X","1569","T5738","10807926","14/02/2019 12:00:00 +01:00","1050,15","0,883","LDME","ENT"
"BAO","Baro's","14247","BAOL848X","1569","T5738","10807930","8/02/2019 0:00:00 +01:00","1027,325","4,547","LDME","ENT"
"BAO","Baro's","14247","BAOL848X","1569","T5738","10807933","13/02/2019 0:00:00 +01:00","1050,1","0,287","LDME","ENT"
"BAO","Baro's","14247","BAOL848X","1569","T5738","10807936","7/02/2019 12:00:00 +01:00","1023,9","7,587","LDME","ENT"
"BAO","Baro's","14247","BAOL848X","1569","T5738","10807940","11/01/2019 0:00:00 +01:00","1041,275","1,57","LDME","ENT"
"BAO","Baro's","14247","BAOL848X","1569","T5738","10807944","9/01/2019 12:00:00 +01:00","1035,425","5,003","LDME","ENT"
"BAO","Baro's","14247","BAOL848X","1569","T5738","10807945","9/02/2019 0:00:00 +01:00","1013,8","7,32","LDME","ENT"
"BAO","Baro's","14247","BAOL848X","1569","T5738","10807947","2/02/2019 12:00:00 +01:00","1011,85","1,463","LDME","ENT"
"BAO","Baro's","14247","BAOL848X","1569","T5738","10807948","15/02/2019 12:00:00 +01:00","1045,05","3,107","LDME","ENT"
"BAO","Baro's","14247","BAOL848X","1569","T5738","10807962","19/01/2019 12:00:00 +01:00","1028,725","-1,627","LDME","ENT"
"BAO","Baro's","14247","BAOL848X","1569","T5738","10807968","11/02/2019 12:00:00 +01:00","1035,425","6,163","LDME","ENT"
"BAO","Baro's","14247","BAOL848X","1569","T5738","10807998","8/01/2019 12:00:00 +01:00","1034,65","6,983","LDME","ENT"
"BAO","Baro's","14247","BAOL848X","1569","T5738","10808006","31/01/2019 0:00:00 +01:00","1009,9","-2,29","LDME","ENT"
"BAO","Baro's","14247","BAOL848X","1569","T5738","10808009","15/01/2019 12:00:00 +01:00","1034,125","6,197","LDME","ENT"
"BAO","Baro's","14247","BAOL848X","1569","T5738","10808017","17/01/2019 12:00:00 +01:00","1017,725","4,343","LDME","ENT"
"BAO","Baro's","14247","BAOL848X","1569","T5738","10808030","14/01/2019 0:00:00 +01:00","1021,625","7,527","LDME","ENT"
"BAO","Baro's","14247","BAOL848X","1569","T5738","10808033","13/01/2019 12:00:00 +01:00","1023,125","9,623","LDME","ENT"
"BAO","Baro's","14247","BAOL848X","1569","T5738","10808034","10/01/2019 0:00:00 +01:00","1038,875","1,327","LDME","ENT"
"BAO","Baro's","14247","BAOL848X","1569","T5738","10808038","27/01/2019 0:00:00 +01:00","1006,825","6,407","LDME","ENT"
"BAO","Baro's","14247","BAOL848X","1569","T5738","10808054","28/01/2019 0:00:00 +01:00","1005,525","3,007","LDME","ENT"
"BAO","Baro's","14247","BAOL848X","1569","T5738","10808058","13/02/2019 12:00:00 +01:00","1051,5","3,563","LDME","ENT"
"BAO","Baro's","14247","BAOL848X","1569","T5738","10808062","26/01/2019 0:00:00 +01:00","1026,825","3,893","LDME","ENT"
"BAO","Baro's","14247","BAOL848X","1569","T5738","10808069","25/01/2019 0:00:00 +01:00","1027,75","-3,703","LDME","ENT"
"BAO","Baro's","14247","BAOL848X","1569","T5738","10808075","10/01/2019 12:00:00 +01:00","1042,25","1,993","LDME","ENT"
"BAO","Baro's","14247","BAOL848X","1569","T5738","10808087","7/02/2019 0:00:00 +01:00","1027,95","6,387","LDME","ENT"
"BAO","Baro's","14247","BAOL848X","1569","T5738","10808096","2/02/2019 0:00:00 +01:00","1004,05","0,973","LDME","ENT"
"BAO","Baro's","14247","BAOL848X","1569","T5738","10808104","16/01/2019 0:00:00 +01:00","1030,25","6,077","LDME","ENT"
"BAO","Baro's","14247","BAOL848X","1569","T5738","10808109","3/02/2019 12:00:00 +01:00","1036,1","2,06","LDME","ENT"
"BAO","Baro's","14247","BAOL848X","1569","T5738","10808128","10/02/2019 12:00:00 +01:00","1005,35","7,633","LDME","ENT"
"BAO","Baro's","14247","BAOL848X","1569","T5738","10808130","30/01/2019 12:00:00 +01:00","1006,975","1,637","LDME","ENT"
"BAO","Baro's","14247","BAOL848X","1569","T5738","10808137","29/01/2019 0:00:00 +01:00","1021,6","1,777","LDME","ENT"
"BAO","Baro's","14247","BAOL848X","1569","T5738","10808147","14/01/2019 12:00:00 +01:00","1030,225","7,197","LDME","ENT"
"BAO","Baro's","14247","BAOL848X","1569","T5738","10808153","12/01/2019 0:00:00 +01:00","1040,625","5,957","LDME","ENT"
"BAO","Baro's","14247","BAOL848X","1569","T5738","10808172","28/01/2019 12:00:00 +01:00","1012,2","3,873","LDME","ENT"
"BAO","Baro's","14247","BAOL848X","1569","T5738","10808173","24/01/2019 0:00:00 +01:00","1020,125","-0,563","LDME","ENT"
"BAO","Baro's","14247","BAOL848X","1569","T5738","10808179","29/01/2019 12:00:00 +01:00","1018,35","0,367","LDME","ENT"
"BAO","Baro's","14247","BAOL848X","1569","T5738","10808184","21/01/2019 0:00:00 +01:00","1035,5","-4,947","LDME","ENT"
"BAO","Baro's","14247","BAOL848X","1569","T5738","10808186","4/02/2019 0:00:00 +01:00","1040,4","-2,03","LDME","ENT"
"BAO","Baro's","14247","BAOL848X","1569","T5738","10808187","22/01/2019 12:00:00 +01:00","1019,5","-0,557","LDME","ENT"
"BAO","Baro's","14247","BAOL848X","1569","T5738","10808191","15/01/2019 0:00:00 +01:00","1035,575","4,203","LDME","ENT"
"BAO","Baro's","14247","BAOL848X","1569","T5738","10808192","9/01/2019 0:00:00 +01:00","1034,325","4,43","LDME","ENT"
"BAO","Baro's","14247","BAOL848X","1569","T5738","10808200","23/01/2019 0:00:00 +01:00","1012,825","-0,247","LDME","ENT"
"BAO","Baro's","14247","BAOL848X","1569","T5738","10808216","23/01/2019 12:00:00 +01:00","1012,5","0,85","LDME","ENT"
"BAO","Baro's","14247","BAOL848X","1569","T5738","10808220","19/01/2019 0:00:00 +01:00","1031,525","-1,983","LDME","ENT"
"BAO","Baro's","14247","BAOL848X","1569","T5738","10807622","15/03/2019 12:00:00 +01:00","1020,8","10,783","LDME","ENT"
"BAO","Baro's","14247","BAOL848X","1569","T5738","10807630","30/04/2019 0:00:00 +01:00","1037,2","6,667","LDME","ENT"
"BAO","Baro's","14247","BAOL848X","1569","T5738","10807639","20/04/2019 0:00:00 +01:00","1040,325","8,627","LDME","ENT"
"BAO","Baro's","14247","BAOL848X","1569","T5738","10807643","12/04/2019 12:00:00 +01:00","1038,05","11,443","LDME","ENT"
"BAO","Baro's","14247","BAOL848X","1569","T5738","10807644","4/04/2019 0:00:00 +01:00","1012,85","0,987","LDME","ENT"
"BAO","Baro's","14247","BAOL848X","1569","T5738","10807645","31/03/2019 12:00:00 +01:00","1036,925","14,423","LDME","ENT"
"BAO","Baro's","14247","BAOL848X","1569","T5738","10807650","22/03/2019 0:00:00 +01:00","1045,65","4,317","LDME","ENT"
"BAO","Baro's","14247","BAOL848X","1569","T5738","10807652","18/03/2019 0:00:00 +01:00","1025,825","1,71","LDME","ENT"
"BAO","Baro's","14247","BAOL848X","1569","T5738","10807653","28/03/2019 0:00:00 +01:00","1048,9","7,513","LDME","ENT"
"BAO","Baro's","14247","BAOL848X","1569","T5738","10807654","18/02/2019 0:00:00 +01:00","1032,65","2,147","LDME","ENT"
"BAO","Baro's","14247","BAOL848X","1569","T5738","10807663","3/04/2019 12:00:00 +01:00","1013,825","10,917","LDME","ENT"
"BAO","Baro's","14247","BAOL848X","1569","T5738","10807664","1/05/2019 12:00:00 +01:00","1030,725","20,997","LDME","ENT"
"BAO","Baro's","14247","BAOL848X","1569","T5738","10807665","8/03/2019 12:00:00 +01:00","1028,425","9,38","LDME","ENT"
"BAO","Baro's","14247","BAOL848X","1569","T5738","10807666","7/04/2019 0:00:00 +01:00","1017,075","6,017","LDME","ENT"
"BAO","Baro's","14247","BAOL848X","1569","T5738","10807669","9/03/2019 12:00:00 +01:00","1025,525","11,18","LDME","ENT"
"BAO","Baro's","14247","BAOL848X","1569","T5738","10807671","21/04/2019 12:00:00 +01:00","1032,4","31,487","LDME","ENT"
"BAO","Baro's","14247","BAOL848X","1569","T5738","10807674","17/02/2019 12:00:00 +01:00","1034,325","5,793","LDME","ENT"
"BAO","Baro's","14247","BAOL848X","1569","T5738","10807675","19/04/2019 12:00:00 +01:00","1039,575","30,303","LDME","ENT"
"BAO","Baro's","14247","BAOL848X","1569","T5738","10807677","3/03/2019 12:00:00 +01:00","1020,65","10,713","LDME","ENT"
"BAO","Baro's","14247","BAOL848X","1569","T5738","10807684","15/03/2019 0:00:00 +01:00","1021,475","6,367","LDME","ENT"
"BAO","Baro's","14247","BAOL848X","1569","T5738","10807690","18/04/2019 0:00:00 +01:00","1035,45","6,05","LDME","ENT"
"BAO","Baro's","14247","BAOL848X","1569","T5738","10807695","10/03/2019 0:00:00 +01:00","1028,75","8,36","LDME","ENT"
"BAO","Baro's","14247","BAOL848X","1569","T5738","10807696","18/02/2019 12:00:00 +01:00","1031,7","6,023","LDME","ENT"
"BAO","Baro's","14247","BAOL848X","1569","T5738","10807706","8/04/2019 12:00:00 +01:00","1024,075","11,757","LDME","ENT"
"BAO","Baro's","14247","BAOL848X","1569","T5738","10807715","19/02/2019 0:00:00 +01:00","1030,55","4,457","LDME","ENT"
"BAO","Baro's","14247","BAOL848X","1569","T5738","10807718","26/02/2019 12:00:00 +01:00","1048,75","6,56","LDME","ENT"
"BAO","Baro's","14247","BAOL848X","1569","T5738","10807719","22/04/2019 0:00:00 +01:00","1025,85","7,593","LDME","ENT"
"BAO","Baro's","14247","BAOL848X","1569","T5738","10807723","25/02/2019 0:00:00 +01:00","1051,175","0,16","LDME","ENT"
"BAO","Baro's","14247","BAOL848X","1569","T5738","10807725","23/04/2019 0:00:00 +01:00","1013,65","8,447","LDME","ENT"
"BAO","Baro's","14247","BAOL848X","1569","T5738","10807726","13/03/2019 12:00:00 +01:00","1018,875","8,023","LDME","ENT"
"BAO","Baro's","14247","BAOL848X","1569","T5738","10807734","6/03/2019 12:00:00 +01:00","1010,9","12,277","LDME","ENT"
"BAO","Baro's","14247","BAOL848X","1569","T5738","10807738","27/02/2019 12:00:00 +01:00","1040,5","9,22","LDME","ENT"
"BAO","Baro's","14247","BAOL848X","1569","T5738","10807739","22/03/2019 12:00:00 +01:00","1042,6","17,877","LDME","ENT"
"BAO","Baro's","14247","BAOL848X","1569","T5738","10807747","11/03/2019 12:00:00 +01:00","1034,8","7,473","LDME","ENT"
"BAO","Baro's","14247","BAOL848X","1569","T5738","10807748","7/04/2019 12:00:00 +01:00","1016,925","20,667","LDME","ENT"
"BAO","Baro's","14247","BAOL848X","1569","T5738","10807749","11/04/2019 12:00:00 +01:00","1035,825","17,113","LDME","ENT"
"BAO","Baro's","14247","BAOL848X","1569","T5738","10807762","8/04/2019 0:00:00 +01:00","1020,975","10,77","LDME","ENT"
"BAO","Baro's","14247","BAOL848X","1569","T5738","10807767","10/04/2019 12:00:00 +01:00","1028,3","14,363","LDME","ENT"
"BAO","Baro's","14247","BAOL848X","1569","T5738","10807771","6/05/2019 0:00:00 +01:00","1035,9","1,517","LDME","ENT"
"BAO","Baro's","14247","BAOL848X","1569","T5738","10807781","24/04/2019 0:00:00 +01:00","1008,125","10,473","LDME","ENT"
"BAO","Baro's","14247","BAOL848X","1569","T5738","10807783","18/03/2019 12:00:00 +01:00","1033,35","11,657","LDME","ENT"
"BAO","Baro's","14247","BAOL848X","1569","T5738","10807801","1/05/2019 0:00:00 +01:00","1033,825","4,833","LDME","ENT"
"BAO","Baro's","14247","BAOL848X","1569","T5738","10807804","26/04/2019 0:00:00 +01:00","1021,625","7,293","LDME","ENT"
"BAO","Baro's","14247","BAOL848X","1569","T5738","10807806","20/03/2019 12:00:00 +01:00","1047,975","14,027","LDME","ENT"
"BAO","Baro's","14247","BAOL848X","1569","T5738","10807810","8/03/2019 0:00:00 +01:00","1015,1","6,72","LDME","ENT"
"BAO","Baro's","14247","BAOL848X","1569","T5738","10807814","13/03/2019 0:00:00 +01:00","1019,175","4,627","LDME","ENT"
"BAO","Baro's","14247","BAOL848X","1569","T5738","10807818","12/03/2019 12:00:00 +01:00","1026,025","10,297","LDME","ENT"
"BAO","Baro's","14247","BAOL848X","1569","T5738","10807824","15/04/2019 0:00:00 +01:00","1039,975","0,597","LDME","ENT"
"BAO","Baro's","14247","BAOL848X","1569","T5738","10807825","4/03/2019 0:00:00 +01:00","1009,575","11,133","LDME","ENT"
"BAO","Baro's","14247","BAOL848X","1569","T5738","10807827","19/03/2019 0:00:00 +01:00","1038,625","-0,677","LDME","ENT"
"BAO","Baro's","14247","BAOL848X","1569","T5738","10807832","5/03/2019 12:00:00 +01:00","1020","8,857","LDME","ENT"
"BAO","Baro's","14247","BAOL848X","1569","T5738","10807835","4/05/2019 12:00:00 +01:00","1024,725","14,273","LDME","ENT"
"BAO","Baro's","14247","BAOL848X","1569","T5738","10807842","30/03/2019 0:00:00 +01:00","1037,525","4,08","LDME","ENT"
"BAO","Baro's","14247","BAOL848X","1569","T5738","10807843","30/04/2019 12:00:00 +01:00","1036,55","19,673","LDME","ENT"
"BAO","Baro's","14247","BAOL848X","1569","T5738","10807845","29/03/2019 12:00:00 +01:00","1043,375","17,477","LDME","ENT"
"BAO","Baro's","14247","BAOL848X","1569","T5738","10807849","17/04/2019 0:00:00 +01:00","1030,725","9,24","LDME","ENT"
"BAO","Baro's","14247","BAOL848X","1569","T5738","10807855","25/04/2019 0:00:00 +01:00","1014,8","8,017","LDME","ENT"
"BAO","Baro's","14247","BAOL848X","1569","T5738","10807864","1/03/2019 12:00:00 +01:00","1030,55","6,76","LDME","ENT"
"BAO","Baro's","14247","BAOL848X","1569","T5738","10807866","7/03/2019 0:00:00 +01:00","1004,05","9,3","LDME","ENT"
"BAO","Baro's","14247","BAOL848X","1569","T5738","10807869","2/05/2019 12:00:00 +01:00","1024,55","14,64","LDME","ENT"
"BAO","Baro's","14247","BAOL848X","1569","T5738","10807874","27/03/2019 0:00:00 +01:00","1046,3","2,793","LDME","ENT"
"BAO","Baro's","14247","BAOL848X","1569","T5738","10807884","14/03/2019 0:00:00 +01:00","1025,2","7,077","LDME","ENT"
"BAO","Baro's","14247","BAOL848X","1569","T5738","10807896","25/03/2019 0:00:00 +01:00","1039,15","1,307","LDME","ENT"
"BAO","Baro's","14247","BAOL848X","1569","T5738","10807897","26/03/2019 0:00:00 +01:00","1045,05","6,693","LDME","ENT"
"BAO","Baro's","14247","BAOL848X","1569","T5738","10807900","21/03/2019 12:00:00 +01:00","1048,25","15,017","LDME","ENT"
"BAO","Baro's","14247","BAOL848X","1569","T5738","10807909","24/03/2019 0:00:00 +01:00","1043,3","8,637","LDME","ENT"
"BAO","Baro's","14247","BAOL848X","1569","T5738","10807910","26/03/2019 12:00:00 +01:00","1046,725","12,983","LDME","ENT"
"BAO","Baro's","14247","BAOL848X","1569","T5738","10807912","21/02/2019 0:00:00 +01:00","1038,675","4,72","LDME","ENT"
"BAO","Baro's","14247","BAOL848X","1569","T5738","10807916","7/03/2019 12:00:00 +01:00","1009,9","10,707","LDME","ENT"
"BAO","Baro's","14247","BAOL848X","1569","T5738","10807918","15/04/2019 12:00:00 +01:00","1036,4","17,99","LDME","ENT"
"BAO","Baro's","14247","BAOL848X","1569","T5738","10807935","13/04/2019 12:00:00 +01:00","1038,225","15,493","LDME","ENT"
"BAO","Baro's","14247","BAOL848X","1569","T5738","10807939","20/03/2019 0:00:00 +01:00","1044,675","3,9","LDME","ENT"
"BAO","Baro's","14247","BAOL848X","1569","T5738","10807941","24/02/2019 12:00:00 +01:00","1051,825","4,04","LDME","ENT"
"BAO","Baro's","14247","BAOL848X","1569","T5738","10807942","17/02/2019 0:00:00 +01:00","1038,175","0,007","LDME","ENT"
"BAO","Baro's","14247","BAOL848X","1569","T5738","10807943","24/04/2019 12:00:00 +01:00","1010,075","29,14","LDME","ENT"
"BAO","Baro's","14247","BAOL848X","1569","T5738","10807946","17/04/2019 12:00:00 +01:00","1034,15","17,97","LDME","ENT"
"BAO","Baro's","14247","BAOL848X","1569","T5738","10807949","21/04/2019 0:00:00 +01:00","1037,575","8,233","LDME","ENT"
"BAO","Baro's","14247","BAOL848X","1569","T5738","10807951","3/04/2019 0:00:00 +01:00","1016,4","5,52","LDME","ENT"
"BAO","Baro's","14247","BAOL848X","1569","T5738","10807957","25/03/2019 12:00:00 +01:00","1040,325","10,23","LDME","ENT"
"BAO","Baro's","14247","BAOL848X","1569","T5738","10807958","5/03/2019 0:00:00 +01:00","1016,725","5,647","LDME","ENT"
"BAO","Baro's","14247","BAOL848X","1569","T5738","10807960","19/03/2019 12:00:00 +01:00","1042,6","12,14","LDME","ENT"
"BAO","Baro's","14247","BAOL848X","1569","T5738","10807964","26/04/2019 12:00:00 +01:00","1025,55","23,48","LDME","ENT"
"BAO","Baro's","14247","BAOL848X","1569","T5738","10807972","14/04/2019 0:00:00 +01:00","1037,575","-0,557","LDME","ENT"
"BAO","Baro's","14247","BAOL848X","1569","T5738","10807973","2/03/2019 12:00:00 +01:00","1027,475","9,73","LDME","ENT"
"BAO","Baro's","14247","BAOL848X","1569","T5738","10807977","28/02/2019 0:00:00 +01:00","1034,25","1,503","LDME","ENT"
"BAO","Baro's","14247","BAOL848X","1569","T5738","10807982","1/04/2019 0:00:00 +01:00","1036,275","5,753","LDME","ENT"
"BAO","Baro's","14247","BAOL848X","1569","T5738","10807984","30/03/2019 12:00:00 +01:00","1034,475","19,437","LDME","ENT"
"BAO","Baro's","14247","BAOL848X","1569","T5738","10807989","19/02/2019 12:00:00 +01:00","1034,85","8,777","LDME","ENT"
"BAO","Baro's","14247","BAOL848X","1569","T5738","10807999","2/04/2019 0:00:00 +01:00","1026","5,183","LDME","ENT"
"BAO","Baro's","14247","BAOL848X","1569","T5738","10808003","27/03/2019 12:00:00 +01:00","1048,025","14,127","LDME","ENT"
"BAO","Baro's","14247","BAOL848X","1569","T5738","10808004","11/04/2019 0:00:00 +01:00","1033,475","3,007","LDME","ENT"
"BAO","Baro's","14247","BAOL848X","1569","T5738","10808008","5/04/2019 12:00:00 +01:00","1018,525","14,727","LDME","ENT"
"BAO","Baro's","14247","BAOL848X","1569","T5738","10808010","6/05/2019 12:00:00 +01:00","1034,65","13,817","LDME","ENT"
"BAO","Baro's","14247","BAOL848X","1569","T5738","10808011","14/04/2019 12:00:00 +01:00","1039","6,317","LDME","ENT"
"BAO","Baro's","14247","BAOL848X","1569","T5738","10808021","3/05/2019 12:00:00 +01:00","1027,3","15,083","LDME","ENT"
"BAO","Baro's","14247","BAOL848X","1569","T5738","10808024","28/04/2019 0:00:00 +01:00","1028,1","8,5","LDME","ENT"
"BAO","Baro's","14247","BAOL848X","1569","T5738","10808026","12/03/2019 0:00:00 +01:00","1039,325","1,293","LDME","ENT"
"BAO","Baro's","14247","BAOL848X","1569","T5738","10808027","29/04/2019 12:00:00 +01:00","1037,4","23,55","LDME","ENT"
"BAO","Baro's","14247","BAOL848X","1569","T5738","10808028","25/04/2019 12:00:00 +01:00","1015,925","18,42","LDME","ENT"
"BAO","Baro's","14247","BAOL848X","1569","T5738","10808035","21/03/2019 0:00:00 +01:00","1048,25","3,497","LDME","ENT"
"BAO","Baro's","14247","BAOL848X","1569","T5738","10808036","5/04/2019 0:00:00 +01:00","1017,225","0,81","LDME","ENT"
"BAO","Baro's","14247","BAOL848X","1569","T5738","10808037","29/04/2019 0:00:00 +01:00","1035,45","4,56","LDME","ENT"
"BAO","Baro's","14247","BAOL848X","1569","T5738","10808045","6/03/2019 0:00:00 +01:00","1020,8","7,05","LDME","ENT"
"BAO","Baro's","14247","BAOL848X","1569","T5738","10808046","9/04/2019 0:00:00 +01:00","1024,2","9,207","LDME","ENT"
"BAO","Baro's","14247","BAOL848X","1569","T5738","10808047","1/03/2019 0:00:00 +01:00","1027,15","8,507","LDME","ENT"
"BAO","Baro's","14247","BAOL848X","1569","T5738","10808048","12/04/2019 0:00:00 +01:00","1037,25","0,94","LDME","ENT"
"BAO","Baro's","14247","BAOL848X","1569","T5738","10808049","23/03/2019 0:00:00 +01:00","1041,925","4,78","LDME","ENT"
"BAO","Baro's","14247","BAOL848X","1569","T5738","10808051","31/03/2019 0:00:00 +01:00","1033,95","5,163","LDME","ENT"
"BAO","Baro's","14247","BAOL848X","1569","T5738","10808053","24/03/2019 12:00:00 +01:00","1041,6","14,47","LDME","ENT"
"BAO","Baro's","14247","BAOL848X","1569","T5738","10808055","20/02/2019 0:00:00 +01:00","1035,55","1,59","LDME","ENT"
"BAO","Baro's","14247","BAOL848X","1569","T5738","10808056","22/04/2019 12:00:00 +01:00","1019,55","31,96","LDME","ENT"
"BAO","Baro's","14247","BAOL848X","1569","T5738","10808059","23/02/2019 0:00:00 +01:00","1050,9","3,217","LDME","ENT"
"BAO","Baro's","14247","BAOL848X","1569","T5738","10808063","1/04/2019 12:00:00 +01:00","1033,675","14,51","LDME","ENT"
"BAO","Baro's","14247","BAOL848X","1569","T5738","10808064","10/04/2019 0:00:00 +01:00","1025,05","7,85","LDME","ENT"
"BAO","Baro's","14247","BAOL848X","1569","T5738","10808066","6/04/2019 12:00:00 +01:00","1017,225","15,373","LDME","ENT"
"BAO","Baro's","14247","BAOL848X","1569","T5738","10808072","10/03/2019 12:00:00 +01:00","1015,3","10,48","LDME","ENT"
"BAO","Baro's","14247","BAOL848X","1569","T5738","10808073","17/03/2019 12:00:00 +01:00","1017,55","10,13","LDME","ENT"
"BAO","Baro's","14247","BAOL848X","1569","T5738","10808081","22/02/2019 0:00:00 +01:00","1045,175","6,6","LDME","ENT"
"BAO","Baro's","14247","BAOL848X","1569","T5738","10808088","13/04/2019 0:00:00 +01:00","1039,325","-0,247","LDME","ENT"
"BAO","Baro's","14247","BAOL848X","1569","T5738","10808092","5/05/2019 0:00:00 +01:00","1031,875","2,583","LDME","ENT"
"BAO","Baro's","14247","BAOL848X","1569","T5738","10808094","9/03/2019 0:00:00 +01:00","1023,725","7,287","LDME","ENT"
"BAO","Baro's","14247","BAOL848X","1569","T5738","10808097","25/02/2019 12:00:00 +01:00","1052,05","7,347","LDME","ENT"
"BAO","Baro's","14247","BAOL848X","1569","T5738","10808099","18/04/2019 12:00:00 +01:00","1035,65","28,19","LDME","ENT"
"BAO","Baro's","14247","BAOL848X","1569","T5738","10808100","27/04/2019 0:00:00 +01:00","1026,475","6,38","LDME","ENT"
"BAO","Baro's","14247","BAOL848X","1569","T5738","10808101","7/05/2019 0:00:00 +01:00","1033,15","5,983","LDME","ENT"
"BAO","Baro's","14247","BAOL848X","1569","T5738","10808102","4/03/2019 12:00:00 +01:00","1007,15","7,99","LDME","ENT"
"BAO","Baro's","14247","BAOL848X","1569","T5738","10808103","23/02/2019 12:00:00 +01:00","1051,025","6,943","LDME","ENT"
"BAO","Baro's","14247","BAOL848X","1569","T5738","10808105","17/03/2019 0:00:00 +01:00","1014,3","10,647","LDME","ENT"
"BAO","Baro's","14247","BAOL848X","1569","T5738","10808110","3/03/2019 0:00:00 +01:00","1024,4","8,34","LDME","ENT"
"BAO","Baro's","14247","BAOL848X","1569","T5738","10808112","3/05/2019 0:00:00 +01:00","1025,5","4,76","LDME","ENT"
"BAO","Baro's","14247","BAOL848X","1569","T5738","10808117","16/04/2019 0:00:00 +01:00","1029,4","4,237","LDME","ENT"
"BAO","Baro's","14247","BAOL848X","1569","T5738","10808121","20/04/2019 12:00:00 +01:00","1041,2","31,68","LDME","ENT"
"BAO","Baro's","14247","BAOL848X","1569","T5738","10808127","23/03/2019 12:00:00 +01:00","1044,4","11,037","LDME","ENT"
"BAO","Baro's","14247","BAOL848X","1569","T5738","10808129","24/02/2019 0:00:00 +01:00","1049,55","-0,08","LDME","ENT"
"BAO","Baro's","14247","BAOL848X","1569","T5738","10808134","27/02/2019 0:00:00 +01:00","1044,35","1,14","LDME","ENT"
"BAO","Baro's","14247","BAOL848X","1569","T5738","10808138","28/04/2019 12:00:00 +01:00","1031,05","13,203","LDME","ENT"
"BAO","Baro's","14247","BAOL848X","1569","T5738","10808142","22/02/2019 12:00:00 +01:00","1051,025","10,93","LDME","ENT"
"BAO","Baro's","14247","BAOL848X","1569","T5738","10808148","4/04/2019 12:00:00 +01:00","1012,525","13,567","LDME","ENT"
"BAO","Baro's","14247","BAOL848X","1569","T5738","10808149","29/03/2019 0:00:00 +01:00","1047,725","2,053","LDME","ENT"
"BAO","Baro's","14247","BAOL848X","1569","T5738","10808150","21/02/2019 12:00:00 +01:00","1042","10,197","LDME","ENT"
"BAO","Baro's","14247","BAOL848X","1569","T5738","10808151","2/05/2019 0:00:00 +01:00","1027,65","4,8","LDME","ENT"
"BAO","Baro's","14247","BAOL848X","1569","T5738","10808154","28/02/2019 12:00:00 +01:00","1032,5","9,507","LDME","ENT"
"BAO","Baro's","14247","BAOL848X","1569","T5738","10808155","19/04/2019 0:00:00 +01:00","1037,4","6,613","LDME","ENT"
"BAO","Baro's","14247","BAOL848X","1569","T5738","10808159","16/02/2019 12:00:00 +01:00","1040,65","4,707","LDME","ENT"
"BAO","Baro's","14247","BAOL848X","1569","T5738","10808160","6/04/2019 0:00:00 +01:00","1017,425","8,11","LDME","ENT"
"BAO","Baro's","14247","BAOL848X","1569","T5738","10808161","27/04/2019 12:00:00 +01:00","1024,4","15,66","LDME","ENT"
"BAO","Baro's","14247","BAOL848X","1569","T5738","10808164","16/03/2019 12:00:00 +01:00","1022,45","11,193","LDME","ENT"
"BAO","Baro's","14247","BAOL848X","1569","T5738","10808168","14/03/2019 12:00:00 +01:00","1013,475","7,573","LDME","ENT"
"BAO","Baro's","14247","BAOL848X","1569","T5738","10808169","16/04/2019 12:00:00 +01:00","1027","23,143","LDME","ENT"
"BAO","Baro's","14247","BAOL848X","1569","T5738","10808178","16/03/2019 0:00:00 +01:00","1024,4","10,13","LDME","ENT"
"BAO","Baro's","14247","BAOL848X","1569","T5738","10808180","23/04/2019 12:00:00 +01:00","1009,1","26,567","LDME","ENT"
"BAO","Baro's","14247","BAOL848X","1569","T5738","10808181","2/03/2019 0:00:00 +01:00","1032,525","5,567","LDME","ENT"
"BAO","Baro's","14247","BAOL848X","1569","T5738","10808188","20/02/2019 12:00:00 +01:00","1037,575","8,943","LDME","ENT"
"BAO","Baro's","14247","BAOL848X","1569","T5738","10808189","26/02/2019 0:00:00 +01:00","1048,75","0,63","LDME","ENT"
"BAO","Baro's","14247","BAOL848X","1569","T5738","10808190","2/04/2019 12:00:00 +01:00","1018,2","13,46","LDME","ENT"
"BAO","Baro's","14247","BAOL848X","1569","T5738","10808207","4/05/2019 0:00:00 +01:00","1023,1","8,083","LDME","ENT"
"BAO","Baro's","14247","BAOL848X","1569","T5738","10808208","28/03/2019 12:00:00 +01:00","1050,1","11,577","LDME","ENT"
"BAO","Baro's","14247","BAOL848X","1569","T5738","10808210","5/05/2019 12:00:00 +01:00","1035,425","18,137","LDME","ENT"
"BAO","Baro's","14247","BAOL848X","1569","T5738","10808211","11/03/2019 0:00:00 +01:00","1029,1","5,01","LDME","ENT"
"BAO","Baro's","14247","BAOL848X","1569","T5738","10808224","9/04/2019 12:00:00 +01:00","1024,4","10,27","LDME","ENT"
"BAO","Baro's","14247","BAOL848X","1569","T5738","10807617","19/06/2019 0:00:00 +01:00","1020,325","15,52","LDME","ENT"
"BAO","Baro's","14247","BAOL848X","1569","T5738","10807619","23/07/2019 12:00:00 +01:00","1030,875","39,227","LDME","ENT"
"BAO","Baro's","14247","BAOL848X","1569","T5738","10807620","14/08/2019 12:00:00 +01:00","1028,175","27,763","LDME","ENT"
"BAO","Baro's","14247","BAOL848X","1569","T5738","10807623","4/07/2019 0:00:00 +01:00","1036,925","11,537","LDME","ENT"
"BAO","Baro's","14247","BAOL848X","1569","T5738","10807624","3/08/2019 0:00:00 +01:00","1027,3","16,867","LDME","ENT"
"BAO","Baro's","14247","BAOL848X","1569","T5738","10807626","13/07/2019 12:00:00 +01:00","1030,45","22,97","LDME","ENT"
"BAO","Baro's","14247","BAOL848X","1569","T5738","10807627","14/05/2019 0:00:00 +01:00","1049,4","5,417","LDME","ENT"
"BAO","Baro's","14247","BAOL848X","1569","T5738","10807629","18/06/2019 12:00:00 +01:00","1026,25","35,54","LDME","ENT"
"BAO","Baro's","14247","BAOL848X","1569","T5738","10807633","7/09/2019 12:00:00 +01:00","1030,075","20,477","LDME","ENT"
"BAO","Baro's","14247","BAOL848X","1569","T5738","10807635","27/08/2019 12:00:00 +01:00","1025,75","34,293","LDME","ENT"
"BAO","Baro's","14247","BAOL848X","1569","T5738","10807638","14/07/2019 0:00:00 +01:00","1031,55","13,48","LDME","ENT"
"BAO","Baro's","14247","BAOL848X","1569","T5738","10807642","2/08/2019 12:00:00 +01:00","1026,175","22,703","LDME","ENT"
"BAO","Baro's","14247","BAOL848X","1569","T5738","10807646","3/06/2019 0:00:00 +01:00","1022,275","16,77","LDME","ENT"
"BAO","Baro's","14247","BAOL848X","1569","T5738","10807647","2/09/2019 0:00:00 +01:00","1031,375","9,883","LDME","ENT"
"BAO","Baro's","14247","BAOL848X","1569","T5738","10807648","13/06/2019 0:00:00 +01:00","1021,3","9,427","LDME","ENT"
"BAO","Baro's","14247","BAOL848X","1569","T5738","10807649","23/05/2019 12:00:00 +01:00","1030,925","32,453","LDME","ENT"
"BAO","Baro's","14247","BAOL848X","1569","T5738","10807651","9/09/2019 12:00:00 +01:00","1026,15","21,45","LDME","ENT"
"BAO","Baro's","14247","BAOL848X","1569","T5738","10807655","20/09/2019 0:00:00 +01:00","1041,15","7,03","LDME","ENT"
"BAO","Baro's","14247","BAOL848X","1569","T5738","10807656","29/06/2019 12:00:00 +01:00","1029,2","38,9","LDME","ENT"
"BAO","Baro's","14247","BAOL848X","1569","T5738","10807658","8/07/2019 0:00:00 +01:00","1029,425","10,62","LDME","ENT"
"BAO","Baro's","14247","BAOL848X","1569","T5738","10807659","12/08/2019 12:00:00 +01:00","1025,1","28,517","LDME","ENT"
"BAO","Baro's","14247","BAOL848X","1569","T5738","10807660","9/05/2019 12:00:00 +01:00","1010,075","14,747","LDME","ENT"
"BAO","Baro's","14247","BAOL848X","1569","T5738","10807667","1/06/2019 12:00:00 +01:00","1034,725","36,9","LDME","ENT"
"BAO","Baro's","14247","BAOL848X","1569","T5738","10807668","9/06/2019 12:00:00 +01:00","1033,55","27,643","LDME","ENT"
"BAO","Baro's","14247","BAOL848X","1569","T5738","10807670","17/09/2019 0:00:00 +01:00","1032,025","14,693","LDME","ENT"
"BAO","Baro's","14247","BAOL848X","1569","T5738","10807672","24/06/2019 0:00:00 +01:00","1027,65","17,853","LDME","ENT"
"BAO","Baro's","14247","BAOL848X","1569","T5738","10807676","11/06/2019 12:00:00 +01:00","1023,6","26,363","LDME","ENT"
"BAO","Baro's","14247","BAOL848X","1569","T5738","10807678","8/06/2019 0:00:00 +01:00","1018,375","13,407","LDME","ENT"
"BAO","Baro's","14247","BAOL848X","1569","T5738","10807679","9/08/2019 0:00:00 +01:00","1020,15","15,003","LDME","ENT"
"BAO","Baro's","14247","BAOL848X","1569","T5738","10807680","23/06/2019 0:00:00 +01:00","1028,95","12,847","LDME","ENT"
"BAO","Baro's","14247","BAOL848X","1569","T5738","10807681","21/07/2019 12:00:00 +01:00","1032,55","31,267","LDME","ENT"
"BAO","Baro's","14247","BAOL848X","1569","T5738","10807683","28/06/2019 0:00:00 +01:00","1036,625","14,873","LDME","ENT"
"BAO","Baro's","14247","BAOL848X","1569","T5738","10807685","10/09/2019 0:00:00 +01:00","1025,7","8,823","LDME","ENT"
"BAO","Baro's","14247","BAOL848X","1569","T5738","10807686","30/07/2019 0:00:00 +01:00","1021,3","13,59","LDME","ENT"
"BAO","Baro's","14247","BAOL848X","1569","T5738","10807687","20/05/2019 0:00:00 +01:00","1019,175","11,73","LDME","ENT"
"BAO","Baro's","14247","BAOL848X","1569","T5738","10807688","5/06/2019 0:00:00 +01:00","1016,575","15,36","LDME","ENT"
"BAO","Baro's","14247","BAOL848X","1569","T5738","10807689","12/07/2019 0:00:00 +01:00","1023,225","14,267","LDME","ENT"
"BAO","Baro's","14247","BAOL848X","1569","T5738","10807692","3/10/2019 0:00:00 +01:00","1030,725","6,553","LDME","ENT"
"BAO","Baro's","14247","BAOL848X","1569","T5738","10807693","15/07/2019 12:00:00 +01:00","1032,2","19,517","LDME","ENT"
"BAO","Baro's","14247","BAOL848X","1569","T5738","10807694","23/09/2019 0:00:00 +01:00","1021,3","14,133","LDME","ENT"
"BAO","Baro's","14247","BAOL848X","1569","T5738","10807697","22/09/2019 12:00:00 +01:00","1017,875","21,787","LDME","ENT"
"BAO","Baro's","14247","BAOL848X","1569","T5738","10807698","21/07/2019 0:00:00 +01:00","1025,825","15,4","LDME","ENT"
"BAO","Baro's","14247","BAOL848X","1569","T5738","10807699","7/07/2019 0:00:00 +01:00","1023,45","16,38","LDME","ENT"
"BAO","Baro's","14247","BAOL848X","1569","T5738","10807700","10/07/2019 0:00:00 +01:00","1032,375","10,467","LDME","ENT"
"BAO","Baro's","14247","BAOL848X","1569","T5738","10807701","15/05/2019 12:00:00 +01:00","1038,225","29,4","LDME","ENT"
"BAO","Baro's","14247","BAOL848X","1569","T5738","10807703","21/06/2019 0:00:00 +01:00","1028,45","10,593","LDME","ENT"
"BAO","Baro's","14247","BAOL848X","1569","T5738","10807704","14/07/2019 12:00:00 +01:00","1032","21,24","LDME","ENT"
"BAO","Baro's","14247","BAOL848X","1569","T5738","10807707","9/07/2019 0:00:00 +01:00","1033,025","9,783","LDME","ENT"
"BAO","Baro's","14247","BAOL848X","1569","T5738","10807708","14/08/2019 0:00:00 +01:00","1029,075","10,68","LDME","ENT"
"BAO","Baro's","14247","BAOL848X","1569","T5738","10807709","1/06/2019 0:00:00 +01:00","1035,45","10,857","LDME","ENT"
"BAO","Baro's","14247","BAOL848X","1569","T5738","10807712","20/08/2019 0:00:00 +01:00","1030,775","11,407","LDME","ENT"
"BAO","Baro's","14247","BAOL848X","1569","T5738","10807713","18/08/2019 12:00:00 +01:00","1015,125","19,603","LDME","ENT"
"BAO","Baro's","14247","BAOL848X","1569","T5738","10807716","31/05/2019 0:00:00 +01:00","1037,075","15,863","LDME","ENT"
"BAO","Baro's","14247","BAOL848X","1569","T5738","10807717","13/05/2019 0:00:00 +01:00","1051,825","4,78","LDME","ENT"
"BAO","Baro's","14247","BAOL848X","1569","T5738","10807720","11/08/2019 0:00:00 +01:00","1024,725","14,167","LDME","ENT"
"BAO","Baro's","14247","BAOL848X","1569","T5738","10807724","28/07/2019 0:00:00 +01:00","1012,025","18,233","LDME","ENT"
"BAO","Baro's","14247","BAOL848X","1569","T5738","10807728","17/07/2019 0:00:00 +01:00","1028,45","10,593","LDME","ENT"
"BAO","Baro's","14247","BAOL848X","1569","T5738","10807729","27/07/2019 0:00:00 +01:00","1015,775","20,717","LDME","ENT"
"BAO","Baro's","14247","BAOL848X","1569","T5738","10807731","5/07/2019 0:00:00 +01:00","1031,225","13,273","LDME","ENT"
"BAO","Baro's","14247","BAOL848X","1569","T5738","10807735","31/07/2019 0:00:00 +01:00","1023,1","15,373","LDME","ENT"
"BAO","Baro's","14247","BAOL848X","1569","T5738","10807736","30/06/2019 12:00:00 +01:00","1026,85","31,14","LDME","ENT"
"BAO","Baro's","14247","BAOL848X","1569","T5738","10807737","1/07/2019 12:00:00 +01:00","1029,95","31,293","LDME","ENT"
"BAO","Baro's","14247","BAOL848X","1569","T5738","10807741","17/09/2019 12:00:00 +01:00","1033,625","19,753","LDME","ENT"
"BAO","Baro's","14247","BAOL848X","1569","T5738","10807744","22/08/2019 12:00:00 +01:00","1036,95","29,35","LDME","ENT"
"BAO","Baro's","14247","BAOL848X","1569","T5738","10807745","21/09/2019 0:00:00 +01:00","1032,375","7,44","LDME","ENT"
"BAO","Baro's","14247","BAOL848X","1569","T5738","10807750","13/09/2019 12:00:00 +01:00","1043,925","22,263","LDME","ENT"
"BAO","Baro's","14247","BAOL848X","1569","T5738","10807751","24/09/2019 0:00:00 +01:00","1024,55","12,707","LDME","ENT"
"BAO","Baro's","14247","BAOL848X","1569","T5738","10807753","20/07/2019 0:00:00 +01:00","1022,275","15,373","LDME","ENT"
"BAO","Baro's","14247","BAOL848X","1569","T5738","10807754","11/07/2019 12:00:00 +01:00","1024,1","25,93","LDME","ENT"
"BAO","Baro's","14247","BAOL848X","1569","T5738","10807755","6/08/2019 12:00:00 +01:00","1021,325","28,183","LDME","ENT"
"BAO","Baro's","14247","BAOL848X","1569","T5738","10807757","25/09/2019 0:00:00 +01:00","1015,625","11,94","LDME","ENT"
"BAO","Baro's","14247","BAOL848X","1569","T5738","10807758","3/10/2019 12:00:00 +01:00","1030,725","14,773","LDME","ENT"
"BAO","Baro's","14247","BAOL848X","1569","T5738","10807760","4/06/2019 0:00:00 +01:00","1025,85","13,227","LDME","ENT"
"BAO","Baro's","14247","BAOL848X","1569","T5738","10807761","5/09/2019 12:00:00 +01:00","1032,975","18,973","LDME","ENT"
"BAO","Baro's","14247","BAOL848X","1569","T5738","10807763","30/07/2019 12:00:00 +01:00","1021,8","31,367","LDME","ENT"
"BAO","Baro's","14247","BAOL848X","1569","T5738","10807764","21/08/2019 12:00:00 +01:00","1038,925","27,603","LDME","ENT"
"BAO","Baro's","14247","BAOL848X","1569","T5738","10807765","21/05/2019 12:00:00 +01:00","1028,625","24,397","LDME","ENT"
"BAO","Baro's","14247","BAOL848X","1569","T5738","10807766","30/05/2019 12:00:00 +01:00","1035,5","23,823","LDME","ENT"
"BAO","Baro's","14247","BAOL848X","1569","T5738","10807768","19/08/2019 12:00:00 +01:00","1027","25,657","LDME","ENT"
"BAO","Baro's","14247","BAOL848X","1569","T5738","10807769","11/06/2019 0:00:00 +01:00","1022,775","12,877","LDME","ENT"
"BAO","Baro's","14247","BAOL848X","1569","T5738","10807770","28/08/2019 12:00:00 +01:00","1025,525","28,993","LDME","ENT"
"BAO","Baro's","14247","BAOL848X","1569","T5738","10807772","6/06/2019 12:00:00 +01:00","1024,9","29,533","LDME","ENT"
"BAO","Baro's","14247","BAOL848X","1569","T5738","10807774","28/08/2019 0:00:00 +01:00","1023,25","17,127","LDME","ENT"
"BAO","Baro's","14247","BAOL848X","1569","T5738","10807775","18/07/2019 12:00:00 +01:00","1022,775","28,03","LDME","ENT"
"BAO","Baro's","14247","BAOL848X","1569","T5738","10807778","15/09/2019 0:00:00 +01:00","1037,575","9,447","LDME","ENT"
"BAO","Baro's","14247","BAOL848X","1569","T5738","10807779","17/05/2019 0:00:00 +01:00","1022,925","7,917","LDME","ENT"
"BAO","Baro's","14247","BAOL848X","1569","T5738","10807780","13/08/2019 12:00:00 +01:00","1028,5","25,307","LDME","ENT"
"BAO","Baro's","14247","BAOL848X","1569","T5738","10807784","17/06/2019 12:00:00 +01:00","1031,65","37,367","LDME","ENT"
"BAO","Baro's","14247","BAOL848X","1569","T5738","10807785","15/08/2019 0:00:00 +01:00","1021,3","15,863","LDME","ENT"
"BAO","Baro's","14247","BAOL848X","1569","T5738","10807786","17/05/2019 12:00:00 +01:00","1019,05","13,947","LDME","ENT"
"BAO","Baro's","14247","BAOL848X","1569","T5738","10807787","9/08/2019 12:00:00 +01:00","1016,9","23,157","LDME","ENT"
"BAO","Baro's","14247","BAOL848X","1569","T5738","10807790","12/07/2019 12:00:00 +01:00","1022,475","25,543","LDME","ENT"
"BAO","Baro's","14247","BAOL848X","1569","T5738","10807793","26/05/2019 12:00:00 +01:00","1027,225","30,617","LDME","ENT"
"BAO","Baro's","14247","BAOL848X","1569","T5738","10807794","12/09/2019 12:00:00 +01:00","1039,9","21,66","LDME","ENT"
"BAO","Baro's","14247","BAOL848X","1569","T5738","10807795","27/05/2019 0:00:00 +01:00","1022,775","13,657","LDME","ENT"
"BAO","Baro's","14247","BAOL848X","1569","T5738","10807797","31/08/2019 12:00:00 +01:00","1023,125","29,993","LDME","ENT"
"BAO","Baro's","14247","BAOL848X","1569","T5738","10807798","28/09/2019 12:00:00 +01:00","1023,575","17,363","LDME","ENT"
"BAO","Baro's","14247","BAOL848X","1569","T5738","10807799","22/06/2019 12:00:00 +01:00","1031,175","32,64","LDME","ENT"
"BAO","Baro's","14247","BAOL848X","1569","T5738","10807803","14/09/2019 12:00:00 +01:00","1043,275","22,467","LDME","ENT"
"BAO","Baro's","14247","BAOL848X","1569","T5738","10807805","29/08/2019 0:00:00 +01:00","1026,5","18,313","LDME","ENT"
"BAO","Baro's","14247","BAOL848X","1569","T5738","10807807","16/06/2019 0:00:00 +01:00","1029,275","11,147","LDME","ENT"
"BAO","Baro's","14247","BAOL848X","1569","T5738","10807811","22/08/2019 0:00:00 +01:00","1036,425","10,79","LDME","ENT"
"BAO","Baro's","14247","BAOL848X","1569","T5738","10807812","8/07/2019 12:00:00 +01:00","1032,025","25,32","LDME","ENT"
"BAO","Baro's","14247","BAOL848X","1569","T5738","10807813","2/10/2019 0:00:00 +01:00","1011,375","13,96","LDME","ENT"
"BAO","Baro's","14247","BAOL848X","1569","T5738","10807816","9/06/2019 0:00:00 +01:00","1034,775","8,327","LDME","ENT"
"BAO","Baro's","14247","BAOL848X","1569","T5738","10807817","10/06/2019 12:00:00 +01:00","1023,6","29,24","LDME","ENT"
"BAO","Baro's","14247","BAOL848X","1569","T5738","10807820","15/05/2019 0:00:00 +01:00","1041,6","4,7","LDME","ENT"
"BAO","Baro's","14247","BAOL848X","1569","T5738","10807822","20/06/2019 12:00:00 +01:00","1024,25","24,613","LDME","ENT"
"BAO","Baro's","14247","BAOL848X","1569","T5738","10807828","2/07/2019 12:00:00 +01:00","1034,225","33,163","LDME","ENT"
"BAO","Baro's","14247","BAOL848X","1569","T5738","10807829","26/05/2019 0:00:00 +01:00","1030,25","8,34","LDME","ENT"
"BAO","Baro's","14247","BAOL848X","1569","T5738","10807833","8/05/2019 0:00:00 +01:00","1022,6","6,8","LDME","ENT"
"BAO","Baro's","14247","BAOL848X","1569","T5738","10807834","19/06/2019 12:00:00 +01:00","1018,2","26,127","LDME","ENT"
"BAO","Baro's","14247","BAOL848X","1569","T5738","10807836","6/09/2019 0:00:00 +01:00","1037,7","8,177","LDME","ENT"
"BAO","Baro's","14247","BAOL848X","1569","T5738","10807837","6/08/2019 0:00:00 +01:00","1020,65","17,84","LDME","ENT"
"BAO","Baro's","14247","BAOL848X","1569","T5738","10807839","16/08/2019 12:00:00 +01:00","1026,825","25,79","LDME","ENT"
"BAO","Baro's","14247","BAOL848X","1569","T5738","10807840","27/07/2019 12:00:00 +01:00","1012,7","19,68","LDME","ENT"
"BAO","Baro's","14247","BAOL848X","1569","T5738","10807841","17/07/2019 12:00:00 +01:00","1027,05","31,433","LDME","ENT"
"BAO","Baro's","14247","BAOL848X","1569","T5738","10807844","29/05/2019 12:00:00 +01:00","1033,55","25,69","LDME","ENT"
"BAO","Baro's","14247","BAOL848X","1569","T5738","10807846","25/09/2019 12:00:00 +01:00","1016,425","17,127","LDME","ENT"
"BAO","Baro's","14247","BAOL848X","1569","T5738","10807851","12/05/2019 12:00:00 +01:00","1047,65","22,677","LDME","ENT"
"BAO","Baro's","14247","BAOL848X","1569","T5738","10807852","13/09/2019 0:00:00 +01:00","1040,5","16,023","LDME","ENT"
"BAO","Baro's","14247","BAOL848X","1569","T5738","10807853","21/09/2019 12:00:00 +01:00","1027,15","18,79","LDME","ENT"
"BAO","Baro's","14247","BAOL848X","1569","T5738","10807854","26/07/2019 12:00:00 +01:00","1019,075","38,25","LDME","ENT"
"BAO","Baro's","14247","BAOL848X","1569","T5738","10807856","4/07/2019 12:00:00 +01:00","1036,15","31,717","LDME","ENT"
"BAO","Baro's","14247","BAOL848X","1569","T5738","10807857","16/09/2019 0:00:00 +01:00","1033,025","10,903","LDME","ENT"
"BAO","Baro's","14247","BAOL848X","1569","T5738","10807859","27/05/2019 12:00:00 +01:00","1022,8","27,797","LDME","ENT"
"BAO","Baro's","14247","BAOL848X","1569","T5738","10807860","21/06/2019 12:00:00 +01:00","1030,975","28,45","LDME","ENT"
"BAO","Baro's","14247","BAOL848X","1569","T5738","10807861","20/07/2019 12:00:00 +01:00","1021","30,983","LDME","ENT"
"BAO","Baro's","14247","BAOL848X","1569","T5738","10807862","23/08/2019 0:00:00 +01:00","1037,05","11,557","LDME","ENT"
"BAO","Baro's","14247","BAOL848X","1569","T5738","10807863","10/08/2019 0:00:00 +01:00","1015,925","17,073","LDME","ENT"
"BAO","Baro's","14247","BAOL848X","1569","T5738","10807868","24/05/2019 0:00:00 +01:00","1027,775","11,523","LDME","ENT"
"BAO","Baro's","14247","BAOL848X","1569","T5738","10807870","2/07/2019 0:00:00 +01:00","1032,875","12,303","LDME","ENT"
"BAO","Baro's","14247","BAOL848X","1569","T5738","10807871","22/09/2019 0:00:00 +01:00","1021,3","10,433","LDME","ENT"
"BAO","Baro's","14247","BAOL848X","1569","T5738","10807875","16/07/2019 0:00:00 +01:00","1031,2","13,487","LDME","ENT"
"BAO","Baro's","14247","BAOL848X","1569","T5738","10807876","15/08/2019 12:00:00 +01:00","1021,625","27,013","LDME","ENT"
"BAO","Baro's","14247","BAOL848X","1569","T5738","10807879","23/07/2019 0:00:00 +01:00","1032,375","15,803","LDME","ENT"
"BAO","Baro's","14247","BAOL848X","1569","T5738","10807880","10/05/2019 12:00:00 +01:00","1022,425","20,393","LDME","ENT"
"BAO","Baro's","14247","BAOL848X","1569","T5738","10807881","7/07/2019 12:00:00 +01:00","1026,825","25,677","LDME","ENT"
"BAO","Baro's","14247","BAOL848X","1569","T5738","10807882","15/07/2019 0:00:00 +01:00","1031,875","13,21","LDME","ENT"
"BAO","Baro's","14247","BAOL848X","1569","T5738","10807885","3/06/2019 12:00:00 +01:00","1025,85","23,423","LDME","ENT"
"BAO","Baro's","14247","BAOL848X","1569","T5738","10807886","14/09/2019 0:00:00 +01:00","1044,9","12,72","LDME","ENT"
"BAO","Baro's","14247","BAOL848X","1569","T5738","10807888","24/07/2019 0:00:00 +01:00","1024,7","17,357","LDME","ENT"
"BAO","Baro's","14247","BAOL848X","1569","T5738","10807889","13/08/2019 0:00:00 +01:00","1026,35","12,56","LDME","ENT"
"BAO","Baro's","14247","BAOL848X","1569","T5738","10807890","18/08/2019 0:00:00 +01:00","1018,025","16,477","LDME","ENT"
"BAO","Baro's","14247","BAOL848X","1569","T5738","10807894","19/05/2019 12:00:00 +01:00","1018,375","20,563","LDME","ENT"
"BAO","Baro's","14247","BAOL848X","1569","T5738","10807895","25/06/2019 0:00:00 +01:00","1023,6","26,413","LDME","ENT"
"BAO","Baro's","14247","BAOL848X","1569","T5738","10807901","21/05/2019 0:00:00 +01:00","1024,55","11,167","LDME","ENT"
"BAO","Baro's","14247","BAOL848X","1569","T5738","10807904","14/06/2019 0:00:00 +01:00","1024,55","12,323","LDME","ENT"
"BAO","Baro's","14247","BAOL848X","1569","T5738","10807905","5/06/2019 12:00:00 +01:00","1020,15","17,263","LDME","ENT"
"BAO","Baro's","14247","BAOL848X","1569","T5738","10807906","9/07/2019 12:00:00 +01:00","1033,2","29,293","LDME","ENT"
"BAO","Baro's","14247","BAOL848X","1569","T5738","10807907","10/08/2019 12:00:00 +01:00","1021,125","24,963","LDME","ENT"
"BAO","Baro's","14247","BAOL848X","1569","T5738","10807911","16/08/2019 0:00:00 +01:00","1027,175","13,98","LDME","ENT"
"BAO","Baro's","14247","BAOL848X","1569","T5738","10807913","27/09/2019 0:00:00 +01:00","1019,675","13,777","LDME","ENT"
"BAO","Baro's","14247","BAOL848X","1569","T5738","10807914","26/06/2019 12:00:00 +01:00","1037,15","29,707","LDME","ENT"
"BAO","Baro's","14247","BAOL848X","1569","T5738","10807915","4/09/2019 0:00:00 +01:00","1031,875","14,187","LDME","ENT"
"BAO","Baro's","14247","BAOL848X","1569","T5738","10807917","1/08/2019 0:00:00 +01:00","1027,15","14,51","LDME","ENT"
"BAO","Baro's","14247","BAOL848X","1569","T5738","10807919","24/08/2019 0:00:00 +01:00","1032,525","12,793","LDME","ENT"
"BAO","Baro's","14247","BAOL848X","1569","T5738","10807923","10/07/2019 12:00:00 +01:00","1031,225","29,477","LDME","ENT"
"BAO","Baro's","14247","BAOL848X","1569","T5738","10807924","7/06/2019 0:00:00 +01:00","1025,375","8,89","LDME","ENT"
"BAO","Baro's","14247","BAOL848X","1569","T5738","10807927","7/09/2019 0:00:00 +01:00","1029,75","13,057","LDME","ENT"
"BAO","Baro's","14247","BAOL848X","1569","T5738","10807928","1/09/2019 0:00:00 +01:00","1022,275","14,39","LDME","ENT"
"BAO","Baro's","14247","BAOL848X","1569","T5738","10807929","22/07/2019 12:00:00 +01:00","1035,65","33,207","LDME","ENT"
"BAO","Baro's","14247","BAOL848X","1569","T5738","10807931","22/05/2019 12:00:00 +01:00","1032,725","29,8","LDME","ENT"
"BAO","Baro's","14247","BAOL848X","1569","T5738","10807932","10/09/2019 12:00:00 +01:00","1029,1","22,5","LDME","ENT"
"BAO","Baro's","14247","BAOL848X","1569","T5738","10807934","20/09/2019 12:00:00 +01:00","1038,7","17,343","LDME","ENT"
"BAO","Baro's","14247","BAOL848X","1569","T5738","10807937","16/05/2019 12:00:00 +01:00","1030,15","27,923","LDME","ENT"
"BAO","Baro's","14247","BAOL848X","1569","T5738","10807938","25/07/2019 0:00:00 +01:00","1024,375","19,28","LDME","ENT"
"BAO","Baro's","14247","BAOL848X","1569","T5738","10807950","8/08/2019 0:00:00 +01:00","1020,15","13,21","LDME","ENT"
"BAO","Baro's","14247","BAOL848X","1569","T5738","10807952","25/08/2019 12:00:00 +01:00","1029,8","33,923","LDME","ENT"
"BAO","Baro's","14247","BAOL848X","1569","T5738","10807953","1/07/2019 0:00:00 +01:00","1027,65","17,483","LDME","ENT"
"BAO","Baro's","14247","BAOL848X","1569","T5738","10807954","19/07/2019 12:00:00 +01:00","1025,075","29,813","LDME","ENT"
"BAO","Baro's","14247","BAOL848X","1569","T5738","10807955","3/08/2019 12:00:00 +01:00","1029,475","24,53","LDME","ENT"
"BAO","Baro's","14247","BAOL848X","1569","T5738","10807956","28/09/2019 0:00:00 +01:00","1019,825","12,357","LDME","ENT"
"BAO","Baro's","14247","BAOL848X","1569","T5738","10807959","27/06/2019 0:00:00 +01:00","1037,275","17,35","LDME","ENT"
"BAO","Baro's","14247","BAOL848X","1569","T5738","10807961","10/06/2019 0:00:00 +01:00","1029,1","11,327","LDME","ENT"
"BAO","Baro's","14247","BAOL848X","1569","T5738","10807963","30/08/2019 12:00:00 +01:00","1034,15","28,063","LDME","ENT"
"BAO","Baro's","14247","BAOL848X","1569","T5738","10807965","12/05/2019 0:00:00 +01:00","1040,825","5,317","LDME","ENT"
"BAO","Baro's","14247","BAOL848X","1569","T5738","10807966","14/06/2019 12:00:00 +01:00","1026,2","28,21","LDME","ENT"
"BAO","Baro's","14247","BAOL848X","1569","T5738","10807967","28/05/2019 12:00:00 +01:00","1021,475","22,023","LDME","ENT"
"BAO","Baro's","14247","BAOL848X","1569","T5738","10807969","8/09/2019 12:00:00 +01:00","1030,775","18,163","LDME","ENT"
"BAO","Baro's","14247","BAOL848X","1569","T5738","10807971","20/06/2019 0:00:00 +01:00","1020,475","15,567","LDME","ENT"
"BAO","Baro's","14247","BAOL848X","1569","T5738","10807974","13/05/2019 12:00:00 +01:00","1051,875","26,11","LDME","ENT"
"BAO","Baro's","14247","BAOL848X","1569","T5738","10807975","26/09/2019 12:00:00 +01:00","1018,85","17,343","LDME","ENT"
"BAO","Baro's","14247","BAOL848X","1569","T5738","10807978","8/05/2019 12:00:00 +01:00","1010,55","11,86","LDME","ENT"
"BAO","Baro's","14247","BAOL848X","1569","T5738","10807979","4/06/2019 12:00:00 +01:00","1019,5","23,233","LDME","ENT"
"BAO","Baro's","14247","BAOL848X","1569","T5738","10807980","23/08/2019 12:00:00 +01:00","1036,475","30,763","LDME","ENT"
"BAO","Baro's","14247","BAOL848X","1569","T5738","10807981","6/09/2019 12:00:00 +01:00","1034,65","21,933","LDME","ENT"
"BAO","Baro's","14247","BAOL848X","1569","T5738","10807985","17/06/2019 0:00:00 +01:00","1032,525","12,027","LDME","ENT"
"BAO","Baro's","14247","BAOL848X","1569","T5738","10807986","24/05/2019 12:00:00 +01:00","1027,875","34,177","LDME","ENT"
"BAO","Baro's","14247","BAOL848X","1569","T5738","10807987","3/09/2019 12:00:00 +01:00","1035,775","20,093","LDME","ENT"
"BAO","Baro's","14247","BAOL848X","1569","T5738","10807988","26/08/2019 0:00:00 +01:00","1029,425","14,107","LDME","ENT"
"BAO","Baro's","14247","BAOL848X","1569","T5738","10807990","26/08/2019 12:00:00 +01:00","1029,325","33,26","LDME","ENT"
"BAO","Baro's","14247","BAOL848X","1569","T5738","10807992","29/05/2019 0:00:00 +01:00","1030,075","8,003","LDME","ENT"
"BAO","Baro's","14247","BAOL848X","1569","T5738","10807993","21/08/2019 0:00:00 +01:00","1037,575","11,003","LDME","ENT"
"BAO","Baro's","14247","BAOL848X","1569","T5738","10807994","8/06/2019 12:00:00 +01:00","1029,1","17,06","LDME","ENT"
"BAO","Baro's","14247","BAOL848X","1569","T5738","10807995","24/07/2019 12:00:00 +01:00","1023,85","40,903","LDME","ENT"
"BAO","Baro's","14247","BAOL848X","1569","T5738","10807996","7/06/2019 12:00:00 +01:00","1016,575","29,857","LDME","ENT"
"BAO","Baro's","14247","BAOL848X","1569","T5738","10807997","11/05/2019 0:00:00 +01:00","1022,475","9,717","LDME","ENT"
"BAO","Baro's","14247","BAOL848X","1569","T5738","10808000","20/05/2019 12:00:00 +01:00","1022,275","15,407","LDME","ENT"
"BAO","Baro's","14247","BAOL848X","1569","T5738","10808001","2/08/2019 0:00:00 +01:00","1026,5","14,027","LDME","ENT"
"BAO","Baro's","14247","BAOL848X","1569","T5738","10808005","18/09/2019 12:00:00 +01:00","1039,025","18,177","LDME","ENT"
"BAO","Baro's","14247","BAOL848X","1569","T5738","10808012","8/08/2019 12:00:00 +01:00","1023,1","23,583","LDME","ENT"
"BAO","Baro's","14247","BAOL848X","1569","T5738","10808013","19/09/2019 12:00:00 +01:00","1042,575","18,56","LDME","ENT"
"BAO","Baro's","14247","BAOL848X","1569","T5738","10808014","17/08/2019 12:00:00 +01:00","1018,55","19,637","LDME","ENT"
"BAO","Baro's","14247","BAOL848X","1569","T5738","10808015","30/09/2019 0:00:00 +01:00","1012,675","14,147","LDME","ENT"
"BAO","Baro's","14247","BAOL848X","1569","T5738","10808016","18/07/2019 0:00:00 +01:00","1022,75","14,767","LDME","ENT"
"BAO","Baro's","14247","BAOL848X","1569","T5738","10808018","16/09/2019 12:00:00 +01:00","1031,225","19,847","LDME","ENT"
"BAO","Baro's","14247","BAOL848X","1569","T5738","10808019","27/09/2019 12:00:00 +01:00","1019,5","17,747","LDME","ENT"
"BAO","Baro's","14247","BAOL848X","1569","T5738","10808020","11/08/2019 12:00:00 +01:00","1025,85","23,963","LDME","ENT"
"BAO","Baro's","14247","BAOL848X","1569","T5738","10808022","2/09/2019 12:00:00 +01:00","1034,975","24,83","LDME","ENT"
"BAO","Baro's","14247","BAOL848X","1569","T5738","10808023","12/06/2019 0:00:00 +01:00","1022,275","13,213","LDME","ENT"
"BAO","Baro's","14247","BAOL848X","1569","T5738","10808025","18/06/2019 0:00:00 +01:00","1027,85","13,947","LDME","ENT"
"BAO","Baro's","14247","BAOL848X","1569","T5738","10808031","25/07/2019 12:00:00 +01:00","1023,975","39,27","LDME","ENT"
"BAO","Baro's","14247","BAOL848X","1569","T5738","10808032","19/05/2019 0:00:00 +01:00","1018,7","12,633","LDME","ENT"
"BAO","Baro's","14247","BAOL848X","1569","T5738","10808039","4/09/2019 12:00:00 +01:00","1025,725","24,913","LDME","ENT"
"BAO","Baro's","14247","BAOL848X","1569","T5738","10808041","15/09/2019 12:00:00 +01:00","1035,625","22,017","LDME","ENT"
"BAO","Baro's","14247","BAOL848X","1569","T5738","10808042","16/06/2019 12:00:00 +01:00","1032,375","26,21","LDME","ENT"
"BAO","Baro's","14247","BAOL848X","1569","T5738","10808043","29/07/2019 0:00:00 +01:00","1019,5","14,29","LDME","ENT"
"BAO","Baro's","14247","BAOL848X","1569","T5738","10808044","12/09/2019 0:00:00 +01:00","1035,125","16,08","LDME","ENT"
"BAO","Baro's","14247","BAOL848X","1569","T5738","10808050","10/05/2019 0:00:00 +01:00","1016,725","7,943","LDME","ENT"
"BAO","Baro's","14247","BAOL848X","1569","T5738","10808052","30/06/2019 0:00:00 +01:00","1022,6","16,987","LDME","ENT"
"BAO","Baro's","14247","BAOL848X","1569","T5738","10808057","11/07/2019 0:00:00 +01:00","1026,65","14,637","LDME","ENT"
"BAO","Baro's","14247","BAOL848X","1569","T5738","10808060","16/05/2019 0:00:00 +01:00","1034,65","4,987","LDME","ENT"
"BAO","Baro's","14247","BAOL848X","1569","T5738","10808061","5/08/2019 0:00:00 +01:00","1020,65","17,82","LDME","ENT"
"BAO","Baro's","14247","BAOL848X","1569","T5738","10808065","30/05/2019 0:00:00 +01:00","1033,7","13,023","LDME","ENT"
"BAO","Baro's","14247","BAOL848X","1569","T5738","10808067","3/07/2019 0:00:00 +01:00","1034,8","13,91","LDME","ENT"
"BAO","Baro's","14247","BAOL848X","1569","T5738","10808070","3/09/2019 0:00:00 +01:00","1034,775","12,547","LDME","ENT"
"BAO","Baro's","14247","BAOL848X","1569","T5738","10808071","7/05/2019 12:00:00 +01:00","1030,575","17,82","LDME","ENT"
"BAO","Baro's","14247","BAOL848X","1569","T5738","10808074","28/06/2019 12:00:00 +01:00","1036,175","33,733","LDME","ENT"
"BAO","Baro's","14247","BAOL848X","1569","T5738","10808076","24/08/2019 12:00:00 +01:00","1031,25","32,637","LDME","ENT"
"BAO","Baro's","14247","BAOL848X","1569","T5738","10808079","29/06/2019 0:00:00 +01:00","1032,2","13,897","LDME","ENT"
"BAO","Baro's","14247","BAOL848X","1569","T5738","10808080","7/08/2019 0:00:00 +01:00","1018,05","16,8","LDME","ENT"
"BAO","Baro's","14247","BAOL848X","1569","T5738","10808082","31/07/2019 12:00:00 +01:00","1026,2","25,137","LDME","ENT"
"BAO","Baro's","14247","BAOL848X","1569","T5738","10808083","18/05/2019 0:00:00 +01:00","1018,05","9,59","LDME","ENT"
"BAO","Baro's","14247","BAOL848X","1569","T5738","10808084","13/06/2019 12:00:00 +01:00","1022,45","20,73","LDME","ENT"
"BAO","Baro's","14247","BAOL848X","1569","T5738","10808086","5/07/2019 12:00:00 +01:00","1030","34,11","LDME","ENT"
"BAO","Baro's","14247","BAOL848X","1569","T5738","10808089","14/05/2019 12:00:00 +01:00","1046,2","26,37","LDME","ENT"
"BAO","Baro's","14247","BAOL848X","1569","T5738","10808091","18/09/2019 0:00:00 +01:00","1036,725","8,03","LDME","ENT"
"BAO","Baro's","14247","BAOL848X","1569","T5738","10808093","28/05/2019 0:00:00 +01:00","1020","11,73","LDME","ENT"
"BAO","Baro's","14247","BAOL848X","1569","T5738","10808095","19/08/2019 0:00:00 +01:00","1022,275","11,82","LDME","ENT"
"BAO","Baro's","14247","BAOL848X","1569","T5738","10808098","12/08/2019 0:00:00 +01:00","1025,375","12,857","LDME","ENT"
"BAO","Baro's","14247","BAOL848X","1569","T5738","10808106","26/09/2019 0:00:00 +01:00","1016,75","13,567","LDME","ENT"
"BAO","Baro's","14247","BAOL848X","1569","T5738","10808107","1/10/2019 0:00:00 +01:00","1017,575","13,65","LDME","ENT"
"BAO","Baro's","14247","BAOL848X","1569","T5738","10808108","28/07/2019 12:00:00 +01:00","1013,825","18,28","LDME","ENT"
"BAO","Baro's","14247","BAOL848X","1569","T5738","10808111","4/08/2019 0:00:00 +01:00","1027,325","14,43","LDME","ENT"
"BAO","Baro's","14247","BAOL848X","1569","T5738","10808113","31/05/2019 12:00:00 +01:00","1037,575","23,557","LDME","ENT"
"BAO","Baro's","14247","BAOL848X","1569","T5738","10808114","25/06/2019 12:00:00 +01:00","1029,15","23,9","LDME","ENT"
"BAO","Baro's","14247","BAOL848X","1569","T5738","10808115","4/08/2019 12:00:00 +01:00","1025,9","32,13","LDME","ENT"
"BAO","Baro's","14247","BAOL848X","1569","T5738","10808118","29/09/2019 12:00:00 +01:00","1011,7","14,953","LDME","ENT"
"BAO","Baro's","14247","BAOL848X","1569","T5738","10808119","26/06/2019 0:00:00 +01:00","1031,225","20,197","LDME","ENT"
"BAO","Baro's","14247","BAOL848X","1569","T5738","10808120","25/08/2019 0:00:00 +01:00","1028,275","13,783","LDME","ENT"
"BAO","Baro's","14247","BAOL848X","1569","T5738","10808122","25/05/2019 12:00:00 +01:00","1031,05","17,243","LDME","ENT"
"BAO","Baro's","14247","BAOL848X","1569","T5738","10808124","1/08/2019 12:00:00 +01:00","1026,85","28,743","LDME","ENT"
"BAO","Baro's","14247","BAOL848X","1569","T5738","10808125","11/05/2019 12:00:00 +01:00","1027,475","24,083","LDME","ENT"
"BAO","Baro's","14247","BAOL848X","1569","T5738","10808133","11/09/2019 0:00:00 +01:00","1031,525","11,38","LDME","ENT"
"BAO","Baro's","14247","BAOL848X","1569","T5738","10808135","18/05/2019 12:00:00 +01:00","1018,4","27,6","LDME","ENT"
"BAO","Baro's","14247","BAOL848X","1569","T5738","10808136","20/08/2019 12:00:00 +01:00","1033,7","26,147","LDME","ENT"
"BAO","Baro's","14247","BAOL848X","1569","T5738","10808139","3/07/2019 12:00:00 +01:00","1036,35","29,787","LDME","ENT"
"BAO","Baro's","14247","BAOL848X","1569","T5738","10808140","7/08/2019 12:00:00 +01:00","1017,75","26,07","LDME","ENT"
"BAO","Baro's","14247","BAOL848X","1569","T5738","10808141","6/07/2019 0:00:00 +01:00","1025,875","13,3","LDME","ENT"
"BAO","Baro's","14247","BAOL848X","1569","T5738","10808143","19/07/2019 0:00:00 +01:00","1023,55","16,037","LDME","ENT"
"BAO","Baro's","14247","BAOL848X","1569","T5738","10808144","23/05/2019 0:00:00 +01:00","1032,525","9,22","LDME","ENT"
"BAO","Baro's","14247","BAOL848X","1569","T5738","10808145","30/08/2019 0:00:00 +01:00","1033,15","12,383","LDME","ENT"
"BAO","Baro's","14247","BAOL848X","1569","T5738","10808146","13/07/2019 0:00:00 +01:00","1027,025","13,54","LDME","ENT"
"BAO","Baro's","14247","BAOL848X","1569","T5738","10808152","24/06/2019 12:00:00 +01:00","1028,525","39,7","LDME","ENT"
"BAO","Baro's","14247","BAOL848X","1569","T5738","10808156","2/06/2019 0:00:00 +01:00","1028,975","14,073","LDME","ENT"
"BAO","Baro's","14247","BAOL848X","1569","T5738","10808157","24/09/2019 12:00:00 +01:00","1018,85","17,477","LDME","ENT"
"BAO","Baro's","14247","BAOL848X","1569","T5738","10808158","17/08/2019 0:00:00 +01:00","1019,675","16,14","LDME","ENT"
"BAO","Baro's","14247","BAOL848X","1569","T5738","10808162","29/09/2019 0:00:00 +01:00","1021,8","12,183","LDME","ENT"
"BAO","Baro's","14247","BAOL848X","1569","T5738","10808165","22/07/2019 0:00:00 +01:00","1033,825","14,053","LDME","ENT"
"BAO","Baro's","14247","BAOL848X","1569","T5738","10808166","26/07/2019 0:00:00 +01:00","1019,35","20,283","LDME","ENT"
"BAO","Baro's","14247","BAOL848X","1569","T5738","10808167","9/05/2019 0:00:00 +01:00","1009,425","6,647","LDME","ENT"
"BAO","Baro's","14247","BAOL848X","1569","T5738","10808170","6/07/2019 12:00:00 +01:00","1022,65","36,243","LDME","ENT"
"BAO","Baro's","14247","BAOL848X","1569","T5738","10808174","8/09/2019 0:00:00 +01:00","1031,55","11,833","LDME","ENT"
"BAO","Baro's","14247","BAOL848X","1569","T5738","10808175","23/06/2019 12:00:00 +01:00","1027,9","37,24","LDME","ENT"
"BAO","Baro's","14247","BAOL848X","1569","T5738","10808176","29/07/2019 12:00:00 +01:00","1021,8","30,18","LDME","ENT"
"BAO","Baro's","14247","BAOL848X","1569","T5738","10808177","25/05/2019 0:00:00 +01:00","1029,6","8,473","LDME","ENT"
"BAO","Baro's","14247","BAOL848X","1569","T5738","10808185","5/08/2019 12:00:00 +01:00","1022,125","29,8","LDME","ENT"
"BAO","Baro's","14247","BAOL848X","1569","T5738","10808195","30/09/2019 12:00:00 +01:00","1024,225","17,31","LDME","ENT"
"BAO","Baro's","14247","BAOL848X","1569","T5738","10808196","15/06/2019 12:00:00 +01:00","1026,825","21,017","LDME","ENT"
"BAO","Baro's","14247","BAOL848X","1569","T5738","10808197","22/06/2019 0:00:00 +01:00","1034","10,183","LDME","ENT"
"BAO","Baro's","14247","BAOL848X","1569","T5738","10808198","31/08/2019 0:00:00 +01:00","1029,75","11,247","LDME","ENT"
"BAO","Baro's","14247","BAOL848X","1569","T5738","10808199","19/09/2019 0:00:00 +01:00","1040,45","7,627","LDME","ENT"
"BAO","Baro's","14247","BAOL848X","1569","T5738","10808202","6/06/2019 0:00:00 +01:00","1018,7","11,387","LDME","ENT"
"BAO","Baro's","14247","BAOL848X","1569","T5738","10808203","27/06/2019 12:00:00 +01:00","1039,125","33,637","LDME","ENT"
"BAO","Baro's","14247","BAOL848X","1569","T5738","10808204","9/09/2019 0:00:00 +01:00","1029,575","8,36","LDME","ENT"
"BAO","Baro's","14247","BAOL848X","1569","T5738","10808205","16/07/2019 12:00:00 +01:00","1030,9","21,037","LDME","ENT"
"BAO","Baro's","14247","BAOL848X","1569","T5738","10808206","27/08/2019 0:00:00 +01:00","1026,025","16,987","LDME","ENT"
"BAO","Baro's","14247","BAOL848X","1569","T5738","10808209","2/10/2019 12:00:00 +01:00","1024,875","13,157","LDME","ENT"
"BAO","Baro's","14247","BAOL848X","1569","T5738","10808212","2/06/2019 12:00:00 +01:00","1025,475","40,893","LDME","ENT"
"BAO","Baro's","14247","BAOL848X","1569","T5738","10808213","15/06/2019 0:00:00 +01:00","1022,275","16,69","LDME","ENT"
"BAO","Baro's","14247","BAOL848X","1569","T5738","10808214","22/05/2019 0:00:00 +01:00","1031,375","7,533","LDME","ENT"
"BAO","Baro's","14247","BAOL848X","1569","T5738","10808217","29/08/2019 12:00:00 +01:00","1030,775","25,46","LDME","ENT"
"BAO","Baro's","14247","BAOL848X","1569","T5738","10808218","1/09/2019 12:00:00 +01:00","1027,35","22,36","LDME","ENT"
"BAO","Baro's","14247","BAOL848X","1569","T5738","10808219","11/09/2019 12:00:00 +01:00","1033,5","17,23","LDME","ENT"
"BAO","Baro's","14247","BAOL848X","1569","T5738","10808221","5/09/2019 0:00:00 +01:00","1026,175","11,043","LDME","ENT"
"BAO","Baro's","14247","BAOL848X","1569","T5738","10808222","23/09/2019 12:00:00 +01:00","1025,85","20,037","LDME","ENT"
"BAO","Baro's","14247","BAOL848X","1569","T5738","10808223","12/06/2019 12:00:00 +01:00","1020,8","16,543","LDME","ENT"
"BAO","Baro's","14247","BAOL848X","1569","T5738","10808225","1/10/2019 12:00:00 +01:00","1011,7","14,88","LDME","ENT"
